INSERT INTO
    groups(id, name)
VALUES
    (1, "パーフェクトサン"),
    (2, "ミッシングムーン"),
    (3, "ワンダリングスター"),
    (4, "プロジェクト・フェアリー"),
    (5, "ディアリースターズ"),
    (6, "riola"),
    (7, "竜宮小町"),
    (8, "ジュピター"),
    (9, "SprouT"),
    (10, "わんつ→ているず"),
    (11, "花鳥風月"),
    (12, "SLEEPING BEAUTY"),
    (13, "魔王エンジェル/幸運エンジェル"),
    (14, "雪月花"),
    (15, "D・LOVE"),
    (16, "BLACK PRINCESS"),
    (17, "ナムコエンジェル"),
    (18, "新幹少女"),
    (19, "ハニーサウンド"),
    (20, "ファンキーノート"),
    (21, "グルーヴィーチューン"),
    (22, "ブラックニードル"),
    (23, "ディアマント"),
    (24, "アルバノクト"),
    (25, "Engage!/you-i※"),
    (26, "TORICO※"),
    (27, "765PRO ALLSTARS");

INSERT INTO
    members(id, name)
VALUES
    (1, "のぞみ"),
    (2, "天ヶ瀬冬馬"),
    (3, "つばめ"),
    (4, "玲音"),
    (5, "四条貴音"),
    (6, "亜夜"),
    (7, "月"),
    (8, "双海真美"),
    (9, "尾崎玲子"),
    (10, "秋月律子"),
    (11, "ひかり"),
    (12, "如月千早"),
    (13, "水瀬伊織"),
    (14, "星井美希"),
    (15, "三浦あずさ"),
    (16, "近藤聡美"),
    (17, "雪"),
    (18, "水谷絵理"),
    (19, "久米うらら"),
    (20, "双海亜美"),
    (21, "菊地真"),
    (22, "若宮一沙"),
    (23, "詩花"),
    (24, "765プロアイドル全員"),
    (25, "香椎アオ"),
    (26, "萩原雪歩"),
    (27, "御手洗翔太"),
    (28, "真美"),
    (29, "天海春香"),
    (30, "三条ともみ"),
    (31, "秋月涼"),
    (32, "朝比奈りん"),
    (33, "高槻やよい"),
    (34, "伊集院北斗"),
    (35, "花"),
    (36, "東豪寺麗華"),
    (37, "奥空心白"),
    (38, "我那覇響"),
    (39, "日高愛");

INSERT INTO
    group_member(group_id, member_id)
VALUES
    (1, 21),
    (1, 29),
    (1, 33),
    (2, 10),
    (2, 12),
    (2, 15),
    (3, 13),
    (3, 20),
    (3, 26),
    (3, 28),
    (4, 5),
    (4, 14),
    (4, 38),
    (5, 18),
    (5, 31),
    (5, 39),
    (6, 9),
    (6, 16),
    (7, 13),
    (7, 15),
    (7, 20),
    (8, 2),
    (8, 27),
    (8, 34),
    (9, 26),
    (9, 29),
    (9, 38),
    (10, 8),
    (10, 33),
    (11, 5),
    (11, 12),
    (12, 12),
    (12, 14),
    (12, 29),
    (13, 30),
    (13, 32),
    (13, 36),
    (14, 7),
    (14, 17),
    (14, 35),
    (15, 13),
    (15, 26),
    (16, 15),
    (16, 29),
    (17, 24),
    (18, 1),
    (18, 3),
    (18, 11),
    (19, 10),
    (19, 12),
    (19, 15),
    (19, 29),
    (20, 13),
    (20, 20),
    (20, 28),
    (20, 33),
    (20, 38),
    (21, 5),
    (21, 14),
    (21, 21),
    (21, 26),
    (22, 19),
    (22, 22),
    (22, 25),
    (23, 4),
    (23, 6),
    (23, 23),
    (24, 6),
    (24, 37),
    (25, 12),
    (25, 29),
    (25, 33),
    (26, 12),
    (26, 26),
    (26, 29),
    (27, 24);